investor_id,category,budget_range,preferred_stage,location,risk_preference,traction_preference
I1,SaaS,50k-200k,Early Traction,Egypt,High,None
I2,PropTech,100k-500k,"Idea,MVP,Early Traction",Pakistan,High,None
I3,FinTech,2M-10M,"Growth,Scaling",Turkey,High,None
I4,CleanTech,100k-500k,Idea,Pakistan,Low,Revenue
I5,CleanTech,10k-100k,Early Traction,Saudi Arabia,Medium,Users
I6,SaaS,2M-10M,"MVP,Early Traction,Growth",Pakistan,Medium,Users
I7,E-commerce,500k-2M,"MVP,Early Traction,Growth",Turkey,Medium,Users
I8,LogisticsTech,50k-200k,"Idea,MVP",Nigeria,Low,Revenue
I9,PropTech,10k-100k,"Growth,Scaling",Pakistan,Medium,Users
I10,AI,10k-100k,"Idea,MVP,Early Traction",Bangladesh,High,None
I11,LogisticsTech,500k-2M,"Growth,Scaling",Bangladesh,High,None
I12,SaaS,2M-10M,"Early Traction,Growth",Egypt,High,None
I13,HealthTech,10k-100k,Scaling,UK,Low,Revenue
I14,FinTech,50k-200k,"Growth,Scaling",Egypt,Medium,Users
I15,PropTech,10k-100k,"Growth,Scaling",UK,High,None
I16,FinTech,10k-100k,"Growth,Scaling",Saudi Arabia,Low,Revenue
I17,SaaS,500k-2M,"Idea,MVP",Turkey,High,None
I18,HealthTech,50k-200k,"Early Traction,Growth",India,Low,Revenue
I19,AI,50k-200k,Scaling,Nigeria,Medium,Users
I20,LogisticsTech,100k-500k,"Early Traction,Growth",UAE,Medium,Users
I21,HealthTech,10k-100k,"Growth,Scaling",Pakistan,Medium,Users
I22,HealthTech,2M-10M,Early Traction,India,Medium,Users
I23,SaaS,500k-2M,"MVP,Early Traction,Growth",Nigeria,High,None
I24,AI,500k-2M,"MVP,Early Traction,Growth",Turkey,Low,Revenue
I25,E-commerce,100k-500k,"MVP,Early Traction",India,High,None
I26,FinTech,2M-10M,"Idea,MVP",Pakistan,Low,Revenue
I27,FinTech,10k-100k,"Growth,Scaling",Nigeria,Medium,Users
I28,E-commerce,50k-200k,"Growth,Scaling",Pakistan,High,None
I29,FinTech,100k-500k,"MVP,Early Traction,Growth",Saudi Arabia,Medium,Users
I30,HealthTech,10k-100k,"MVP,Early Traction",Turkey,Medium,Users
I31,LogisticsTech,10k-100k,Scaling,UAE,Low,Revenue
I32,AI,500k-2M,"Idea,MVP,Early Traction",India,Medium,Users
I33,HealthTech,100k-500k,Idea,India,High,None
I34,AI,100k-500k,Early Traction,Saudi Arabia,Medium,Users
I35,HealthTech,2M-10M,"MVP,Early Traction,Growth",Saudi Arabia,Medium,Users
I36,PropTech,500k-2M,Scaling,Saudi Arabia,High,None
I37,FinTech,50k-200k,"Idea,MVP",Pakistan,Medium,Users
I38,FinTech,2M-10M,"Idea,MVP",USA,High,None
I39,EdTech,10k-100k,"Idea,MVP,Early Traction",Bangladesh,High,None
I40,SaaS,50k-200k,"Growth,Scaling",Egypt,Low,Revenue
I41,AgriTech,10k-100k,"Idea,MVP,Early Traction",UAE,High,None
I42,SaaS,10k-100k,"Growth,Scaling",Saudi Arabia,High,None
I43,EdTech,500k-2M,"MVP,Early Traction",India,High,None
I44,LogisticsTech,50k-200k,Early Traction,Bangladesh,Low,Revenue
I45,PropTech,10k-100k,"Early Traction,Growth",Bangladesh,High,None
I46,FinTech,100k-500k,"Growth,Scaling",UK,Medium,Users
I47,EdTech,100k-500k,"Growth,Scaling",Nigeria,Medium,Users
I48,SaaS,50k-200k,"MVP,Early Traction",UAE,High,None
I49,E-commerce,10k-100k,Idea,UAE,Medium,Users
I50,EdTech,500k-2M,"MVP,Early Traction,Growth",India,High,None
I51,FinTech,500k-2M,"Idea,MVP,Early Traction",UK,Medium,Users
I52,SaaS,10k-100k,"Idea,MVP,Early Traction",UAE,High,None
I53,PropTech,10k-100k,"Early Traction,Growth",Saudi Arabia,Medium,Users
I54,SaaS,50k-200k,Scaling,USA,Medium,Users
I55,AI,100k-500k,"Idea,MVP",UK,Low,Revenue
I56,CleanTech,500k-2M,Scaling,Egypt,High,None
I57,FinTech,10k-100k,"Early Traction,Growth",Nigeria,Low,Revenue
I58,SaaS,10k-100k,"Early Traction,Growth",Pakistan,Low,Revenue
I59,FinTech,500k-2M,"MVP,Early Traction",USA,High,None
I60,PropTech,2M-10M,"Idea,MVP",UK,Low,Revenue
I61,SaaS,50k-200k,"MVP,Early Traction",Nigeria,Low,Revenue
I62,EdTech,10k-100k,"Idea,MVP",Pakistan,Medium,Users
I63,E-commerce,2M-10M,"Growth,Scaling",Bangladesh,High,None
I64,AgriTech,10k-100k,"Growth,Scaling",Bangladesh,High,None
I65,E-commerce,100k-500k,"Idea,MVP,Early Traction",Saudi Arabia,Low,Revenue
I66,HealthTech,500k-2M,Early Traction,UAE,Low,Revenue
I67,PropTech,2M-10M,"Idea,MVP,Early Traction",Saudi Arabia,High,None
I68,AgriTech,500k-2M,"Idea,MVP",Egypt,Medium,Users
I69,SaaS,100k-500k,"Growth,Scaling",Bangladesh,Low,Revenue
I70,FinTech,2M-10M,Scaling,Saudi Arabia,High,None
I71,AI,500k-2M,Scaling,USA,Medium,Users
I72,AgriTech,100k-500k,"MVP,Early Traction,Growth",Turkey,High,None
I73,CleanTech,100k-500k,"MVP,Early Traction,Growth",UAE,Low,Revenue
I74,PropTech,50k-200k,"Idea,MVP",Pakistan,Medium,Users
I75,AgriTech,2M-10M,"Growth,Scaling",USA,High,None
I76,E-commerce,10k-100k,"Growth,Scaling",Saudi Arabia,High,None
I77,HealthTech,2M-10M,Early Traction,Pakistan,Low,Revenue
I78,CleanTech,100k-500k,"Growth,Scaling",UAE,Low,Revenue
I79,PropTech,100k-500k,"Idea,MVP",USA,High,None
I80,EdTech,2M-10M,Early Traction,Turkey,Low,Revenue
I81,FinTech,500k-2M,"Early Traction,Growth",Egypt,Medium,Users
I82,AgriTech,10k-100k,"Growth,Scaling",India,Low,Revenue
I83,PropTech,50k-200k,Idea,Pakistan,High,None
I84,AI,100k-500k,"Early Traction,Growth",Turkey,Low,Revenue
I85,EdTech,50k-200k,"Idea,MVP",USA,Low,Revenue
I86,E-commerce,2M-10M,Scaling,UAE,Low,Revenue
I87,EdTech,10k-100k,"Growth,Scaling",USA,High,None
I88,PropTech,10k-100k,"MVP,Early Traction,Growth",USA,Medium,Users
I89,E-commerce,50k-200k,Idea,Bangladesh,High,None
I90,EdTech,50k-200k,Early Traction,Egypt,High,None
I91,EdTech,50k-200k,"Growth,Scaling",Turkey,Low,Revenue
I92,HealthTech,100k-500k,"Idea,MVP",UAE,Low,Revenue
I93,PropTech,500k-2M,"Early Traction,Growth",Turkey,Low,Revenue
I94,PropTech,100k-500k,Early Traction,Turkey,Low,Revenue
I95,SaaS,500k-2M,"MVP,Early Traction",UAE,Medium,Users
I96,FinTech,100k-500k,"MVP,Early Traction",USA,Low,Revenue
I97,EdTech,500k-2M,"Growth,Scaling",Pakistan,Medium,Users
I98,FinTech,10k-100k,"MVP,Early Traction",USA,Medium,Users
I99,AI,10k-100k,"Growth,Scaling",Bangladesh,Medium,Users
I100,E-commerce,500k-2M,"MVP,Early Traction,Growth",Nigeria,Medium,Users
I101,LogisticsTech,500k-2M,Early Traction,India,Medium,Users
I102,FinTech,50k-200k,"Idea,MVP",Nigeria,Low,Revenue
I103,HealthTech,10k-100k,"MVP,Early Traction",USA,Medium,Users
I104,SaaS,100k-500k,"Early Traction,Growth",UAE,Medium,Users
I105,SaaS,2M-10M,Early Traction,India,Medium,Users
I106,PropTech,500k-2M,"Early Traction,Growth",Pakistan,Medium,Users
I107,PropTech,500k-2M,"MVP,Early Traction",UAE,Low,Revenue
I108,EdTech,50k-200k,Scaling,Saudi Arabia,Medium,Users
I109,LogisticsTech,100k-500k,"Growth,Scaling",UK,Medium,Users
I110,SaaS,10k-100k,Scaling,Bangladesh,High,None
I111,AgriTech,50k-200k,"Idea,MVP",Pakistan,Medium,Users
I112,CleanTech,10k-100k,Early Traction,UK,High,None
I113,AgriTech,50k-200k,"Growth,Scaling",India,Low,Revenue
I114,E-commerce,100k-500k,"MVP,Early Traction",India,Medium,Users
I115,HealthTech,500k-2M,"Idea,MVP,Early Traction",Nigeria,Medium,Users
I116,SaaS,2M-10M,"MVP,Early Traction,Growth",Bangladesh,Low,Revenue
I117,CleanTech,100k-500k,"Idea,MVP",UAE,Medium,Users
I118,HealthTech,500k-2M,"Growth,Scaling",Nigeria,Medium,Users
I119,HealthTech,2M-10M,"MVP,Early Traction",Pakistan,Low,Revenue
I120,SaaS,100k-500k,Early Traction,Egypt,Medium,Users
I121,FinTech,2M-10M,Scaling,Pakistan,Medium,Users
I122,CleanTech,2M-10M,"Growth,Scaling",Nigeria,High,None
I123,AgriTech,100k-500k,"Idea,MVP",India,Medium,Users
I124,LogisticsTech,2M-10M,Early Traction,Egypt,High,None
I125,E-commerce,10k-100k,"Early Traction,Growth",Nigeria,Low,Revenue
I126,FinTech,50k-200k,"Growth,Scaling",UAE,Low,Revenue
I127,SaaS,500k-2M,"Early Traction,Growth",Saudi Arabia,High,None
I128,PropTech,100k-500k,"MVP,Early Traction",USA,High,None
I129,SaaS,500k-2M,Scaling,Egypt,Medium,Users
I130,EdTech,100k-500k,"Idea,MVP",Egypt,Medium,Users
I131,PropTech,2M-10M,"MVP,Early Traction",Egypt,Medium,Users
I132,CleanTech,50k-200k,Early Traction,UAE,High,None
I133,PropTech,10k-100k,"MVP,Early Traction",India,High,None
I134,HealthTech,2M-10M,"Idea,MVP,Early Traction",USA,Medium,Users
I135,CleanTech,500k-2M,Idea,Turkey,High,None
I136,AI,50k-200k,"Early Traction,Growth",UK,Medium,Users
I137,PropTech,2M-10M,"Growth,Scaling",Bangladesh,Low,Revenue
I138,EdTech,50k-200k,Idea,Pakistan,High,None
I139,HealthTech,100k-500k,"Idea,MVP,Early Traction",Pakistan,Medium,Users
I140,HealthTech,100k-500k,"MVP,Early Traction",Nigeria,High,None
I141,FinTech,50k-200k,Idea,UK,High,None
I142,EdTech,100k-500k,"MVP,Early Traction",Bangladesh,High,None
I143,FinTech,500k-2M,Idea,Saudi Arabia,Medium,Users
I144,LogisticsTech,100k-500k,"Early Traction,Growth",Pakistan,High,None
I145,SaaS,100k-500k,"Early Traction,Growth",Egypt,Medium,Users
I146,LogisticsTech,2M-10M,"Growth,Scaling",Pakistan,Low,Revenue
I147,FinTech,10k-100k,Idea,Saudi Arabia,Low,Revenue
I148,AI,100k-500k,"MVP,Early Traction,Growth",Saudi Arabia,Medium,Users
I149,AgriTech,2M-10M,"MVP,Early Traction",Bangladesh,High,None
I150,AI,50k-200k,Early Traction,USA,Medium,Users
I151,AgriTech,50k-200k,Scaling,Nigeria,High,None
I152,EdTech,100k-500k,"MVP,Early Traction",UAE,Medium,Users
I153,HealthTech,10k-100k,"Early Traction,Growth",Bangladesh,Low,Revenue
I154,PropTech,50k-200k,"Growth,Scaling",Saudi Arabia,High,None
I155,FinTech,100k-500k,"Idea,MVP",Bangladesh,High,None
I156,AI,500k-2M,"Early Traction,Growth",UAE,High,None
I157,PropTech,10k-100k,Early Traction,Saudi Arabia,Medium,Users
I158,HealthTech,100k-500k,"MVP,Early Traction,Growth",Bangladesh,Medium,Users
I159,AgriTech,100k-500k,"Idea,MVP,Early Traction",Saudi Arabia,Medium,Users
I160,LogisticsTech,2M-10M,"MVP,Early Traction",Bangladesh,High,None
I161,AI,2M-10M,Early Traction,USA,High,None
I162,PropTech,100k-500k,"MVP,Early Traction",UK,High,None
I163,AgriTech,10k-100k,"MVP,Early Traction,Growth",USA,Medium,Users
I164,HealthTech,100k-500k,"Early Traction,Growth",UK,Low,Revenue
I165,LogisticsTech,50k-200k,"Growth,Scaling",Pakistan,High,None
I166,EdTech,50k-200k,Idea,Pakistan,High,None
I167,HealthTech,100k-500k,"Growth,Scaling",Bangladesh,Medium,Users
I168,AI,2M-10M,"MVP,Early Traction,Growth",Turkey,Low,Revenue
I169,FinTech,2M-10M,"MVP,Early Traction,Growth",Nigeria,High,None
I170,LogisticsTech,100k-500k,Scaling,UAE,High,None
I171,E-commerce,100k-500k,"Early Traction,Growth",India,Medium,Users
I172,HealthTech,2M-10M,"MVP,Early Traction,Growth",UAE,High,None
I173,SaaS,50k-200k,"Idea,MVP,Early Traction",USA,Low,Revenue
I174,CleanTech,100k-500k,Early Traction,USA,Medium,Users
I175,HealthTech,500k-2M,"Idea,MVP",India,Medium,Users
I176,PropTech,2M-10M,Idea,Turkey,Low,Revenue
I177,FinTech,2M-10M,"Growth,Scaling",India,High,None
I178,LogisticsTech,100k-500k,"Early Traction,Growth",Bangladesh,Low,Revenue
I179,E-commerce,50k-200k,Early Traction,USA,Medium,Users
I180,AgriTech,50k-200k,"Early Traction,Growth",USA,High,None
I181,SaaS,500k-2M,"Early Traction,Growth",USA,High,None
I182,EdTech,10k-100k,"Idea,MVP,Early Traction",Pakistan,Medium,Users
I183,FinTech,50k-200k,Idea,Turkey,Low,Revenue
I184,SaaS,50k-200k,"Growth,Scaling",Turkey,Medium,Users
I185,CleanTech,500k-2M,"Idea,MVP",Nigeria,Medium,Users
I186,AI,2M-10M,"MVP,Early Traction,Growth",Saudi Arabia,High,None
I187,AI,100k-500k,"Idea,MVP",Egypt,Low,Revenue
I188,AI,50k-200k,"MVP,Early Traction,Growth",Saudi Arabia,High,None
I189,HealthTech,50k-200k,Scaling,India,Medium,Users
I190,PropTech,100k-500k,"Idea,MVP",UAE,Low,Revenue
I191,HealthTech,100k-500k,Scaling,Nigeria,High,None
I192,PropTech,2M-10M,"Early Traction,Growth",USA,Medium,Users
I193,EdTech,500k-2M,"Early Traction,Growth",USA,Low,Revenue
I194,CleanTech,10k-100k,"Early Traction,Growth",Saudi Arabia,Low,Revenue
I195,FinTech,10k-100k,"Early Traction,Growth",Turkey,High,None
I196,SaaS,100k-500k,"Idea,MVP,Early Traction",Pakistan,Medium,Users
I197,LogisticsTech,2M-10M,"Idea,MVP",Pakistan,High,None
I198,SaaS,10k-100k,"MVP,Early Traction",Pakistan,High,None
I199,CleanTech,500k-2M,Scaling,Bangladesh,Low,Revenue
I200,HealthTech,500k-2M,"Idea,MVP",UAE,Low,Revenue
I201,HealthTech,500k-2M,Scaling,India,High,None
I202,HealthTech,2M-10M,"Early Traction,Growth",Turkey,High,None
I203,CleanTech,10k-100k,Early Traction,Egypt,High,None
I204,SaaS,100k-500k,Idea,India,Low,Revenue
I205,FinTech,2M-10M,Scaling,Saudi Arabia,Medium,Users
I206,FinTech,100k-500k,"Early Traction,Growth",Bangladesh,Medium,Users
I207,AI,2M-10M,Idea,Nigeria,Low,Revenue
I208,EdTech,50k-200k,"MVP,Early Traction",Pakistan,Low,Revenue
I209,SaaS,2M-10M,"MVP,Early Traction",Nigeria,Low,Revenue
I210,LogisticsTech,10k-100k,"Growth,Scaling",India,Medium,Users
I211,AgriTech,100k-500k,"Idea,MVP",UK,Medium,Users
I212,SaaS,50k-200k,"MVP,Early Traction,Growth",Pakistan,Medium,Users
I213,EdTech,500k-2M,"Idea,MVP",India,Low,Revenue
I214,AI,50k-200k,"MVP,Early Traction,Growth",UAE,Medium,Users
I215,AgriTech,2M-10M,"MVP,Early Traction",UK,High,None
I216,EdTech,100k-500k,"Growth,Scaling",UAE,Low,Revenue
I217,CleanTech,500k-2M,Idea,UK,Medium,Users
I218,CleanTech,50k-200k,"Idea,MVP",India,Low,Revenue
I219,E-commerce,10k-100k,Idea,Bangladesh,High,None
I220,PropTech,500k-2M,"Growth,Scaling",UAE,High,None
I221,EdTech,2M-10M,"Early Traction,Growth",Pakistan,High,None
I222,AgriTech,500k-2M,Idea,India,Medium,Users
I223,AI,10k-100k,"MVP,Early Traction,Growth",UK,High,None
I224,AI,2M-10M,Early Traction,Turkey,High,None
I225,FinTech,100k-500k,Early Traction,Egypt,High,None
I226,SaaS,500k-2M,"MVP,Early Traction,Growth",Saudi Arabia,Medium,Users
I227,CleanTech,50k-200k,"Idea,MVP",Egypt,High,None
I228,AI,50k-200k,Idea,Egypt,Medium,Users
I229,E-commerce,10k-100k,"Growth,Scaling",Nigeria,Medium,Users
I230,EdTech,100k-500k,"Growth,Scaling",Pakistan,High,None
I231,LogisticsTech,500k-2M,"MVP,Early Traction",Bangladesh,Low,Revenue
I232,AgriTech,500k-2M,"MVP,Early Traction",Turkey,Medium,Users
I233,AgriTech,500k-2M,Idea,USA,Low,Revenue
I234,AI,10k-100k,"Idea,MVP",Bangladesh,Medium,Users
I235,LogisticsTech,2M-10M,Early Traction,Pakistan,Low,Revenue
I236,PropTech,100k-500k,"Growth,Scaling",Egypt,High,None
I237,AgriTech,100k-500k,"Growth,Scaling",USA,Low,Revenue
I238,AgriTech,100k-500k,Early Traction,Egypt,High,None
I239,AgriTech,100k-500k,"MVP,Early Traction",Nigeria,Low,Revenue
I240,FinTech,10k-100k,"Idea,MVP,Early Traction",USA,Medium,Users
I241,LogisticsTech,2M-10M,"MVP,Early Traction",USA,High,None
I242,AI,50k-200k,"Growth,Scaling",Nigeria,Low,Revenue
I243,SaaS,100k-500k,"Growth,Scaling",Turkey,Low,Revenue
I244,SaaS,500k-2M,"Growth,Scaling",Saudi Arabia,Medium,Users
I245,EdTech,10k-100k,Early Traction,Bangladesh,Low,Revenue
I246,SaaS,500k-2M,Early Traction,Nigeria,High,None
I247,LogisticsTech,50k-200k,Scaling,Nigeria,Low,Revenue
I248,AI,2M-10M,Idea,Bangladesh,High,None
I249,LogisticsTech,50k-200k,"Early Traction,Growth",Turkey,Low,Revenue
I250,SaaS,500k-2M,"MVP,Early Traction,Growth",Turkey,High,None
I251,LogisticsTech,500k-2M,"Growth,Scaling",Bangladesh,High,None
I252,HealthTech,500k-2M,Idea,USA,Medium,Users
I253,E-commerce,50k-200k,Scaling,Bangladesh,High,None
I254,HealthTech,2M-10M,Scaling,USA,High,None
I255,FinTech,50k-200k,"Idea,MVP,Early Traction",Saudi Arabia,High,None
I256,EdTech,50k-200k,Scaling,UAE,High,None
I257,EdTech,10k-100k,Idea,USA,High,None
I258,PropTech,2M-10M,Scaling,Bangladesh,High,None
I259,HealthTech,500k-2M,"MVP,Early Traction",Pakistan,High,None
I260,AI,500k-2M,"Idea,MVP",UAE,Low,Revenue
I261,FinTech,100k-500k,"Idea,MVP,Early Traction",UAE,Medium,Users
I262,E-commerce,10k-100k,Scaling,UK,Low,Revenue
I263,AI,100k-500k,Early Traction,Nigeria,Low,Revenue
I264,LogisticsTech,50k-200k,"Growth,Scaling",Egypt,Medium,Users
I265,LogisticsTech,100k-500k,"Growth,Scaling",Pakistan,Medium,Users
I266,CleanTech,100k-500k,"Idea,MVP",Egypt,Low,Revenue
I267,HealthTech,50k-200k,"Growth,Scaling",Turkey,Medium,Users
I268,EdTech,2M-10M,Early Traction,Egypt,High,None
I269,FinTech,50k-200k,"Early Traction,Growth",UK,Medium,Users
I270,SaaS,50k-200k,Scaling,UAE,High,None
I271,SaaS,500k-2M,"Idea,MVP,Early Traction",Pakistan,Medium,Users
I272,LogisticsTech,100k-500k,Early Traction,UAE,Low,Revenue
I273,HealthTech,10k-100k,"Early Traction,Growth",USA,Medium,Users
I274,AI,50k-200k,"Idea,MVP",USA,High,None
I275,PropTech,100k-500k,Scaling,Nigeria,High,None
I276,EdTech,10k-100k,"Growth,Scaling",USA,High,None
I277,E-commerce,2M-10M,"Early Traction,Growth",India,High,None
I278,CleanTech,2M-10M,"MVP,Early Traction",Egypt,Medium,Users
I279,EdTech,50k-200k,"MVP,Early Traction,Growth",Saudi Arabia,High,None
I280,EdTech,100k-500k,Early Traction,UK,Low,Revenue
I281,LogisticsTech,500k-2M,"Idea,MVP",Egypt,High,None
I282,SaaS,100k-500k,Early Traction,Nigeria,Low,Revenue
I283,PropTech,50k-200k,"MVP,Early Traction,Growth",Pakistan,High,None
I284,CleanTech,10k-100k,Scaling,Bangladesh,Medium,Users
I285,HealthTech,10k-100k,Scaling,Egypt,Medium,Users
I286,LogisticsTech,500k-2M,"Idea,MVP,Early Traction",Nigeria,Low,Revenue
I287,FinTech,100k-500k,"MVP,Early Traction",Egypt,Low,Revenue
I288,E-commerce,2M-10M,"MVP,Early Traction",Egypt,Low,Revenue
I289,FinTech,50k-200k,"Growth,Scaling",Bangladesh,Low,Revenue
I290,LogisticsTech,500k-2M,"Early Traction,Growth",India,High,None
I291,AI,500k-2M,"MVP,Early Traction",USA,Low,Revenue
I292,SaaS,10k-100k,Scaling,UAE,Medium,Users
I293,SaaS,2M-10M,"Growth,Scaling",Saudi Arabia,Medium,Users
I294,CleanTech,500k-2M,"MVP,Early Traction,Growth",Bangladesh,Medium,Users
I295,AI,500k-2M,"Idea,MVP",India,High,None
I296,PropTech,10k-100k,"MVP,Early Traction",Turkey,Low,Revenue
I297,EdTech,2M-10M,"Idea,MVP,Early Traction",India,Medium,Users
I298,PropTech,10k-100k,"Growth,Scaling",UK,Medium,Users
I299,CleanTech,10k-100k,Scaling,Nigeria,Low,Revenue
I300,FinTech,50k-200k,"Idea,MVP,Early Traction",Bangladesh,High,None
I301,E-commerce,100k-500k,Scaling,USA,Low,Revenue
I302,LogisticsTech,50k-200k,"Idea,MVP",India,Low,Revenue
I303,PropTech,2M-10M,Scaling,Bangladesh,High,None
I304,SaaS,100k-500k,"MVP,Early Traction,Growth",Saudi Arabia,High,None
I305,FinTech,500k-2M,"Early Traction,Growth",Egypt,Low,Revenue
I306,E-commerce,50k-200k,"Growth,Scaling",Turkey,Medium,Users
I307,SaaS,50k-200k,Scaling,Turkey,Low,Revenue
I308,AgriTech,2M-10M,"MVP,Early Traction",India,Medium,Users
I309,HealthTech,10k-100k,Early Traction,Saudi Arabia,High,None
I310,AgriTech,100k-500k,"Growth,Scaling",USA,Low,Revenue
I311,SaaS,100k-500k,"Growth,Scaling",Turkey,Low,Revenue
I312,EdTech,500k-2M,Early Traction,Nigeria,Medium,Users
I313,HealthTech,2M-10M,Early Traction,UAE,High,None
I314,EdTech,100k-500k,"Idea,MVP",Bangladesh,Low,Revenue
I315,EdTech,50k-200k,"Growth,Scaling",Saudi Arabia,High,None
I316,HealthTech,100k-500k,"MVP,Early Traction,Growth",UAE,High,None
I317,AgriTech,500k-2M,"Idea,MVP,Early Traction",Nigeria,Medium,Users
I318,AgriTech,2M-10M,Early Traction,India,Low,Revenue
I319,SaaS,100k-500k,"Growth,Scaling",UAE,High,None
I320,HealthTech,10k-100k,Scaling,India,Low,Revenue
I321,AI,2M-10M,Early Traction,Turkey,Medium,Users
I322,FinTech,10k-100k,Scaling,Egypt,Medium,Users
I323,LogisticsTech,500k-2M,"Growth,Scaling",UAE,Medium,Users
I324,FinTech,2M-10M,Idea,UK,Low,Revenue
I325,LogisticsTech,2M-10M,"MVP,Early Traction,Growth",India,Medium,Users
I326,LogisticsTech,10k-100k,"Early Traction,Growth",Saudi Arabia,High,None
I327,LogisticsTech,50k-200k,"Early Traction,Growth",Nigeria,Low,Revenue
I328,PropTech,2M-10M,Idea,UAE,High,None
I329,EdTech,10k-100k,"Growth,Scaling",Saudi Arabia,Medium,Users
I330,SaaS,100k-500k,"Idea,MVP",USA,Low,Revenue
I331,FinTech,2M-10M,Idea,USA,Medium,Users
I332,AgriTech,10k-100k,"MVP,Early Traction,Growth",Pakistan,High,None
I333,SaaS,2M-10M,"Idea,MVP,Early Traction",UK,High,None
I334,PropTech,2M-10M,"Growth,Scaling",Turkey,Low,Revenue
I335,CleanTech,100k-500k,"MVP,Early Traction",Turkey,High,None
I336,LogisticsTech,100k-500k,Scaling,Bangladesh,Low,Revenue
I337,CleanTech,100k-500k,Idea,USA,Medium,Users
I338,PropTech,10k-100k,Idea,Egypt,Low,Revenue
I339,E-commerce,50k-200k,"Idea,MVP,Early Traction",India,High,None
I340,FinTech,50k-200k,"MVP,Early Traction,Growth",UAE,Low,Revenue
I341,PropTech,10k-100k,"MVP,Early Traction,Growth",Saudi Arabia,Medium,Users
I342,SaaS,500k-2M,"Growth,Scaling",Nigeria,Medium,Users
I343,PropTech,50k-200k,"Growth,Scaling",Bangladesh,Low,Revenue
I344,AI,50k-200k,"Early Traction,Growth",Turkey,High,None
I345,E-commerce,2M-10M,"Early Traction,Growth",Pakistan,High,None
I346,AI,50k-200k,Scaling,UK,Low,Revenue
I347,CleanTech,2M-10M,"Idea,MVP",Turkey,High,None
I348,HealthTech,10k-100k,Early Traction,Saudi Arabia,Medium,Users
I349,AgriTech,500k-2M,"Growth,Scaling",UAE,Low,Revenue
I350,PropTech,50k-200k,Early Traction,Turkey,Low,Revenue
I351,LogisticsTech,100k-500k,"MVP,Early Traction,Growth",UAE,High,None
I352,AgriTech,2M-10M,"Growth,Scaling",Turkey,Low,Revenue
I353,CleanTech,500k-2M,"Idea,MVP",UAE,Low,Revenue
I354,FinTech,2M-10M,"Growth,Scaling",Egypt,High,None
I355,E-commerce,2M-10M,Idea,India,Low,Revenue
I356,PropTech,2M-10M,Scaling,Pakistan,High,None
I357,SaaS,10k-100k,"Early Traction,Growth",Nigeria,High,None
I358,PropTech,2M-10M,"Growth,Scaling",Pakistan,High,None
I359,LogisticsTech,500k-2M,Scaling,USA,Low,Revenue
I360,CleanTech,50k-200k,"MVP,Early Traction,Growth",Nigeria,Medium,Users
I361,PropTech,2M-10M,"Early Traction,Growth",India,Medium,Users
I362,HealthTech,500k-2M,"Idea,MVP,Early Traction",Saudi Arabia,Low,Revenue
I363,PropTech,2M-10M,"Growth,Scaling",Bangladesh,Medium,Users
I364,AI,10k-100k,"MVP,Early Traction",Turkey,High,None
I365,LogisticsTech,10k-100k,"Growth,Scaling",Bangladesh,High,None
I366,EdTech,500k-2M,"Early Traction,Growth",USA,Low,Revenue
I367,CleanTech,2M-10M,Scaling,UK,Medium,Users
I368,CleanTech,2M-10M,"Idea,MVP,Early Traction",USA,High,None
I369,CleanTech,50k-200k,Scaling,Bangladesh,High,None
I370,AgriTech,50k-200k,Scaling,USA,High,None
I371,AgriTech,100k-500k,"MVP,Early Traction,Growth",UK,High,None
I372,CleanTech,50k-200k,"Growth,Scaling",India,High,None
I373,AgriTech,50k-200k,Scaling,India,Low,Revenue
I374,CleanTech,100k-500k,"Idea,MVP",Egypt,High,None
I375,E-commerce,500k-2M,"Early Traction,Growth",Pakistan,Low,Revenue
I376,AgriTech,2M-10M,"MVP,Early Traction",Bangladesh,Low,Revenue
I377,HealthTech,50k-200k,Early Traction,USA,Low,Revenue
I378,AI,500k-2M,Scaling,Bangladesh,High,None
I379,HealthTech,2M-10M,Idea,Pakistan,Low,Revenue
I380,AgriTech,10k-100k,Scaling,Saudi Arabia,High,None
I381,HealthTech,50k-200k,Scaling,Pakistan,High,None
I382,LogisticsTech,50k-200k,"Idea,MVP",Turkey,Low,Revenue
I383,EdTech,50k-200k,"MVP,Early Traction",Pakistan,Low,Revenue
I384,HealthTech,500k-2M,"Growth,Scaling",USA,High,None
I385,CleanTech,2M-10M,"Idea,MVP",Saudi Arabia,High,None
I386,SaaS,10k-100k,Scaling,Egypt,Medium,Users
I387,PropTech,100k-500k,"Growth,Scaling",USA,Medium,Users
I388,PropTech,50k-200k,Early Traction,Nigeria,Medium,Users
I389,AI,100k-500k,Scaling,UAE,Medium,Users
I390,SaaS,2M-10M,"Idea,MVP,Early Traction",India,High,None
I391,EdTech,10k-100k,Scaling,Egypt,Medium,Users
I392,PropTech,100k-500k,Early Traction,Nigeria,Medium,Users
I393,AgriTech,50k-200k,Idea,USA,Medium,Users
I394,PropTech,10k-100k,"Idea,MVP,Early Traction",Nigeria,Low,Revenue
I395,SaaS,500k-2M,"Growth,Scaling",Saudi Arabia,High,None
I396,EdTech,500k-2M,Scaling,USA,High,None
I397,AI,100k-500k,"MVP,Early Traction",Saudi Arabia,Medium,Users
I398,CleanTech,100k-500k,"Early Traction,Growth",India,High,None
I399,AgriTech,100k-500k,Early Traction,USA,Low,Revenue
I400,HealthTech,50k-200k,"Growth,Scaling",Saudi Arabia,Medium,Users
I401,FinTech,50k-200k,"Growth,Scaling",UK,Low,Revenue
I402,FinTech,50k-200k,"Early Traction,Growth",Turkey,Medium,Users
I403,SaaS,10k-100k,Idea,India,High,None
I404,PropTech,10k-100k,Idea,Egypt,Low,Revenue
I405,EdTech,2M-10M,Early Traction,USA,Medium,Users
I406,HealthTech,500k-2M,"Idea,MVP,Early Traction",UAE,High,None
I407,CleanTech,50k-200k,"Idea,MVP",Turkey,Low,Revenue
I408,LogisticsTech,500k-2M,"Idea,MVP",Nigeria,High,None
I409,LogisticsTech,100k-500k,"Early Traction,Growth",Bangladesh,High,None
I410,AgriTech,10k-100k,"MVP,Early Traction,Growth",Egypt,Medium,Users
I411,AI,10k-100k,Early Traction,Saudi Arabia,Medium,Users
I412,SaaS,100k-500k,"Idea,MVP,Early Traction",USA,High,None
I413,E-commerce,2M-10M,"Idea,MVP,Early Traction",UK,Low,Revenue
I414,AgriTech,2M-10M,"Early Traction,Growth",USA,Medium,Users
I415,AgriTech,500k-2M,"MVP,Early Traction,Growth",Saudi Arabia,Medium,Users
I416,EdTech,500k-2M,"Early Traction,Growth",UK,Medium,Users
I417,PropTech,50k-200k,"Growth,Scaling",Turkey,High,None
I418,SaaS,100k-500k,"Growth,Scaling",Saudi Arabia,High,None
I419,CleanTech,50k-200k,"Early Traction,Growth",UAE,High,None
I420,AgriTech,10k-100k,Idea,UAE,Medium,Users
I421,E-commerce,2M-10M,"MVP,Early Traction,Growth",Egypt,High,None
I422,AgriTech,100k-500k,Early Traction,UK,High,None
I423,AI,500k-2M,"Early Traction,Growth",India,High,None
I424,AI,50k-200k,"MVP,Early Traction",UK,Medium,Users
I425,AgriTech,100k-500k,"MVP,Early Traction,Growth",UK,Medium,Users
I426,LogisticsTech,2M-10M,"Idea,MVP",UK,Medium,Users
I427,CleanTech,10k-100k,Early Traction,USA,High,None
I428,FinTech,2M-10M,Scaling,Turkey,High,None
I429,E-commerce,100k-500k,Scaling,USA,Medium,Users
I430,AgriTech,500k-2M,Early Traction,India,Medium,Users
I431,HealthTech,500k-2M,"MVP,Early Traction,Growth",UAE,Low,Revenue
I432,CleanTech,2M-10M,"MVP,Early Traction",Turkey,Medium,Users
I433,SaaS,50k-200k,"MVP,Early Traction,Growth",USA,Low,Revenue
I434,EdTech,100k-500k,"Growth,Scaling",UK,High,None
I435,HealthTech,500k-2M,Early Traction,USA,High,None
I436,LogisticsTech,500k-2M,"Early Traction,Growth",Bangladesh,Low,Revenue
I437,AI,50k-200k,"Idea,MVP,Early Traction",Saudi Arabia,High,None
I438,SaaS,50k-200k,"MVP,Early Traction",UAE,Medium,Users
I439,SaaS,10k-100k,"Idea,MVP",Nigeria,High,None
I440,AI,500k-2M,"MVP,Early Traction",Egypt,Low,Revenue
I441,HealthTech,2M-10M,"Growth,Scaling",UAE,Low,Revenue
I442,HealthTech,50k-200k,"Idea,MVP,Early Traction",Saudi Arabia,High,None
I443,AgriTech,50k-200k,"Early Traction,Growth",UAE,High,None
I444,AI,10k-100k,Idea,USA,Medium,Users
I445,AgriTech,2M-10M,Idea,UK,High,None
I446,E-commerce,2M-10M,Early Traction,UAE,High,None
I447,AgriTech,2M-10M,Scaling,Bangladesh,High,None
I448,HealthTech,100k-500k,"Growth,Scaling",Nigeria,High,None
I449,SaaS,500k-2M,"Growth,Scaling",UK,Medium,Users
I450,HealthTech,50k-200k,"Idea,MVP",UK,Low,Revenue
I451,LogisticsTech,50k-200k,Idea,USA,Medium,Users
I452,LogisticsTech,10k-100k,"Idea,MVP,Early Traction",Nigeria,Medium,Users
I453,AI,500k-2M,"Growth,Scaling",UK,High,None
I454,AI,2M-10M,"Growth,Scaling",USA,Low,Revenue
I455,LogisticsTech,500k-2M,"Early Traction,Growth",Bangladesh,Low,Revenue
I456,CleanTech,500k-2M,"MVP,Early Traction",Saudi Arabia,Medium,Users
I457,CleanTech,50k-200k,"Idea,MVP,Early Traction",Egypt,High,None
I458,HealthTech,2M-10M,"Growth,Scaling",UK,Medium,Users
I459,SaaS,50k-200k,"MVP,Early Traction",UAE,Medium,Users
I460,AgriTech,2M-10M,Early Traction,Nigeria,Medium,Users
I461,AgriTech,50k-200k,"Early Traction,Growth",USA,Low,Revenue
I462,AI,2M-10M,"MVP,Early Traction",Pakistan,Low,Revenue
I463,HealthTech,100k-500k,Idea,UAE,High,None
I464,AI,50k-200k,"Idea,MVP",India,Low,Revenue
I465,AgriTech,50k-200k,"Idea,MVP,Early Traction",USA,Medium,Users
I466,AgriTech,100k-500k,"Idea,MVP",Nigeria,High,None
I467,EdTech,10k-100k,"Idea,MVP,Early Traction",UAE,Low,Revenue
I468,CleanTech,10k-100k,"Early Traction,Growth",Egypt,Medium,Users
I469,FinTech,100k-500k,"MVP,Early Traction",Bangladesh,Low,Revenue
I470,FinTech,500k-2M,"Idea,MVP",Nigeria,Low,Revenue
I471,FinTech,500k-2M,"Growth,Scaling",India,High,None
I472,AgriTech,500k-2M,"Early Traction,Growth",UK,Medium,Users
I473,AI,2M-10M,"Idea,MVP,Early Traction",Egypt,Low,Revenue
I474,AgriTech,100k-500k,"Idea,MVP",Saudi Arabia,Medium,Users
I475,FinTech,10k-100k,"Growth,Scaling",Saudi Arabia,High,None
I476,EdTech,10k-100k,Early Traction,UAE,Medium,Users
I477,SaaS,500k-2M,"Idea,MVP",Saudi Arabia,Low,Revenue
I478,PropTech,500k-2M,"MVP,Early Traction,Growth",Turkey,Low,Revenue
I479,SaaS,50k-200k,"MVP,Early Traction",UAE,Medium,Users
I480,PropTech,100k-500k,"MVP,Early Traction,Growth",Pakistan,Low,Revenue
I481,E-commerce,2M-10M,Idea,India,Low,Revenue
I482,FinTech,100k-500k,"MVP,Early Traction,Growth",Egypt,High,None
I483,AgriTech,50k-200k,"Growth,Scaling",Pakistan,High,None
I484,EdTech,50k-200k,Idea,UK,Low,Revenue
I485,AgriTech,2M-10M,Idea,UK,High,None
I486,FinTech,2M-10M,"MVP,Early Traction,Growth",UAE,High,None
I487,EdTech,500k-2M,Scaling,UK,High,None
I488,E-commerce,10k-100k,Idea,Egypt,Low,Revenue
I489,HealthTech,100k-500k,Idea,Egypt,Medium,Users
I490,AI,2M-10M,"Early Traction,Growth",Bangladesh,High,None
I491,AI,2M-10M,"Growth,Scaling",USA,High,None
I492,EdTech,10k-100k,"Growth,Scaling",Egypt,Medium,Users
I493,LogisticsTech,500k-2M,Early Traction,Egypt,Low,Revenue
I494,HealthTech,100k-500k,"MVP,Early Traction,Growth",Bangladesh,High,None
I495,SaaS,10k-100k,"MVP,Early Traction",Egypt,High,None
I496,AI,50k-200k,"Growth,Scaling",UAE,Low,Revenue
I497,SaaS,500k-2M,"Idea,MVP",Saudi Arabia,Low,Revenue
I498,PropTech,500k-2M,Early Traction,Nigeria,High,None
I499,PropTech,100k-500k,"Growth,Scaling",Pakistan,Medium,Users
I500,PropTech,10k-100k,Idea,Pakistan,Low,Revenue
